{"cameraMode":{"drawMode":0,"name":"Shaded","section":"Shading Mode"},"sceneLighting":true,"audioPlay":false,"sceneViewState":{"m_AlwaysRefresh":false,"showFog":true,"showSkybox":false,"showFlares":true,"showImageEffects":true,"showParticleSystems":true,"showVisualEffectGraphs":true,"m_FxEnabled":false},"in2DMode":false,"pivot":{"x":2.021094799041748,"y":1.0261681079864503,"z":0.0015206336975097657},"rotation":{"x":0.11388421058654785,"y":0.29884296655654909,"z":-0.035947930067777637,"w":0.9467941522598267},"size":1.311488151550293,"orthographic":false}