{"cameraMode":{"drawMode":0,"name":"Shaded","section":"Shading Mode"},"sceneLighting":true,"audioPlay":false,"sceneViewState":{"m_AlwaysRefresh":false,"showFog":true,"showSkybox":true,"showFlares":true,"showImageEffects":true,"showParticleSystems":true,"showVisualEffectGraphs":true,"m_FxEnabled":true},"in2DMode":false,"pivot":{"x":-13.18796443939209,"y":1.3259327411651612,"z":16.624074935913087},"rotation":{"x":-0.06116824597120285,"y":0.008336826227605343,"z":-0.0005109027260914445,"w":-0.9980852603912354},"size":9.010274887084961,"orthographic":false}