{"cameraMode":{"drawMode":0,"name":"Shaded","section":"Shading Mode"},"sceneLighting":true,"audioPlay":false,"sceneViewState":{"showFog":true,"showMaterialUpdate":false,"showSkybox":true,"showFlares":true,"showImageEffects":true,"showParticleSystems":true},"in2DMode":false,"pivot":{"x":2.0199999809265138,"y":1.0199999809265137,"z":-0.13014620542526246},"rotation":{"x":-0.12558583915233613,"y":0.07789275050163269,"z":-0.009892771020531655,"w":-0.988978922367096},"size":2.2928624153137209,"orthographic":false}