{"cameraMode":{"drawMode":0,"name":"Shaded","section":"Shading Mode"},"sceneLighting":false,"audioPlay":false,"sceneViewState":{"showFog":true,"showMaterialUpdate":false,"showSkybox":true,"showFlares":true,"showImageEffects":true,"showParticleSystems":true},"in2DMode":false,"pivot":{"x":10.013947486877442,"y":1.7130281925201417,"z":-1.9741506576538087},"rotation":{"x":0.20578831434249879,"y":-0.020246271044015886,"z":0.004267711658030748,"w":0.9784029722213745},"size":3.470517158508301,"orthographic":true}