{"cameraMode":{"drawMode":0,"name":"Shaded","section":"Shading Mode"},"sceneLighting":false,"audioPlay":false,"sceneViewState":{"m_AlwaysRefresh":false,"showFog":true,"showSkybox":false,"showFlares":true,"showImageEffects":true,"showParticleSystems":true,"showVisualEffectGraphs":true,"m_FxEnabled":true},"in2DMode":false,"pivot":{"x":2.2504308223724367,"y":0.04834054410457611,"z":4.680000305175781},"rotation":{"x":0.1841174066066742,"y":-0.20299620926380158,"z":0.03889526054263115,"w":0.960930347442627},"size":2.7873151302337648,"orthographic":false}