{"cameraMode":{"drawMode":0,"name":"Shaded","section":"Shading Mode"},"sceneLighting":false,"audioPlay":false,"sceneViewState":{"m_AlwaysRefresh":false,"showFog":true,"showSkybox":false,"showFlares":true,"showImageEffects":true,"showParticleSystems":true,"showVisualEffectGraphs":true,"m_FxEnabled":true},"in2DMode":false,"pivot":{"x":2.786539316177368,"y":0.9235739707946777,"z":-0.7807052135467529},"rotation":{"x":0.04725372791290283,"y":0.9488821029663086,"z":-0.17238293588161469,"w":0.26011615991592409},"size":3.411487340927124,"orthographic":false}